number,value,datetime_start,datetime_complete,duration,params_bagging_fraction,params_feature_fraction,params_lambda_l1,params_lambda_l2,params_learning_rate,params_max_depth,params_min_child_samples,params_num_leaves,state
0,15.670954237146578,2026-06-23 12:59:27.315391,2026-06-23 12:59:29.251427,0 days 00:00:01.936036,0.8846265388652759,0.6136907433913169,3.498264439679899e-05,2.8789261910820927,0.02238752544473487,8,93,240,COMPLETE
1,15.649133418297309,2026-06-23 12:59:29.256244,2026-06-23 12:59:30.835169,0 days 00:00:01.578925,0.8960424712826032,0.8903920362026323,0.07274905529462694,0.19722720706999214,0.09117547197523172,8,57,95,COMPLETE
2,33.183756500432075,2026-06-23 12:59:30.836260,2026-06-23 12:59:33.085706,0 days 00:00:02.249446,0.709688348672433,0.9447384059967683,2.74942238335864,4.30756662957e-05,0.0027327993694230158,12,48,154,COMPLETE
3,14.994355612220582,2026-06-23 12:59:33.091239,2026-06-23 12:59:33.325125,0 days 00:00:00.233886,0.616957836578452,0.7942207617115399,2.1553347085755e-06,0.00036545726908344966,0.06173231404883944,4,61,64,COMPLETE
4,37.18955551516835,2026-06-23 12:59:33.325242,2026-06-23 12:59:33.607783,0 days 00:00:00.282541,0.9532637349567055,0.8024077853213214,1.4415701748611914e-06,7.427293210027542e-08,0.0014064112694203701,4,66,105,COMPLETE
5,29.594780498801164,2026-06-23 12:59:33.607917,2026-06-23 12:59:33.935297,0 days 00:00:00.327380,0.8226334422250744,0.9838300131438696,0.11314428083295505,2.984400818020767,0.004372697368959303,12,86,17,COMPLETE
6,19.639908195123375,2026-06-23 12:59:33.935413,2026-06-23 12:59:34.721528,0 days 00:00:00.786115,0.7277698751407224,0.9564713562294149,4.4172832845762283e-07,0.0005314435781124916,0.01124752376344391,7,74,81,COMPLETE
7,31.9957696175389,2026-06-23 12:59:34.721710,2026-06-23 12:59:35.349446,0 days 00:00:00.627736,0.8618517103924179,0.638664023597768,2.5251629851191693e-06,2.440733269178435,0.0033014082334191382,7,89,122,COMPLETE
8,15.27949095333588,2026-06-23 12:59:35.349832,2026-06-23 12:59:36.309710,0 days 00:00:00.959878,0.6633838474313423,0.7276647932142084,1.8372384552132274e-07,1.4700633729788363e-08,0.03945383916707444,9,36,96,COMPLETE
9,34.88732315944269,2026-06-23 12:59:36.309865,2026-06-23 12:59:37.357329,0 days 00:00:01.047464,0.8699187250642004,0.9691870715567676,0.0001156721915545016,8.139575322113258,0.00215430866180279,9,23,124,COMPLETE
10,15.02891743435923,2026-06-23 12:59:37.357465,2026-06-23 12:59:37.544184,0 days 00:00:00.186719,0.6277044352529992,0.8164502904020039,1.8845010081314082e-08,0.0017833031212299132,0.14941471736584808,3,5,252,COMPLETE
11,15.244193170530096,2026-06-23 12:59:37.544299,2026-06-23 12:59:37.725494,0 days 00:00:00.181195,0.6057829113154038,0.8130187731155883,1.5956547446608e-08,0.0015245688359286937,0.19951594388033692,3,6,256,COMPLETE
12,15.1677270641064,2026-06-23 12:59:37.725631,2026-06-23 12:59:38.068711,0 days 00:00:00.343080,0.623593769748208,0.7922163189461382,1.1528761087137032e-08,1.4201254677820757e-05,0.0847435369192011,5,16,183,COMPLETE
13,15.49817965865926,2026-06-23 12:59:38.068827,2026-06-23 12:59:38.346754,0 days 00:00:00.277927,0.6941253693150407,0.7133917762042544,0.00013346204536045684,0.013701744353226374,0.16146302763928438,5,38,19,COMPLETE
14,14.98705021048244,2026-06-23 12:59:38.346881,2026-06-23 12:59:38.529692,0 days 00:00:00.182811,0.7765923269905135,0.893213600119574,1.3088783937126335e-05,2.9699600738232104e-06,0.04947993429888763,3,31,209,COMPLETE
15,14.980052106808735,2026-06-23 12:59:38.529804,2026-06-23 12:59:38.943026,0 days 00:00:00.413222,0.7654024178428135,0.8787739313919685,0.0019327763305805766,1.620256383228813e-06,0.03504536699263389,5,34,204,COMPLETE
16,17.61844216996476,2026-06-23 12:59:38.943251,2026-06-23 12:59:39.358368,0 days 00:00:00.415117,0.7828284593267518,0.8858830260579351,0.0032057686350109296,1.1750358862943464e-06,0.014407435881859216,5,30,206,COMPLETE
17,15.140651824503795,2026-06-23 12:59:39.358494,2026-06-23 12:59:39.935608,0 days 00:00:00.577114,0.7658754166629201,0.8839580358640335,0.002173008027972998,9.257242093601816e-07,0.03109573947761183,6,46,209,COMPLETE
18,25.3851189094783,2026-06-23 12:59:39.935727,2026-06-23 12:59:40.127407,0 days 00:00:00.191680,0.7869986890834795,0.9193851204320458,0.0021708037866964096,2.696991788995305e-06,0.007165998432971965,3,21,169,COMPLETE
19,14.85683165956731,2026-06-23 12:59:40.127520,2026-06-23 12:59:40.383542,0 days 00:00:00.256022,0.7473862057800241,0.8475687403349744,1.2025168036682741e-05,1.8036186618909865e-07,0.047406703916228164,4,45,217,COMPLETE
20,15.616151968152435,2026-06-23 12:59:40.383684,2026-06-23 12:59:41.013620,0 days 00:00:00.629936,0.823225244098398,0.8508314630061681,0.01072592108038498,1.1717784048564145e-07,0.021367617463677553,6,49,228,COMPLETE
21,14.812726400469007,2026-06-23 12:59:41.013747,2026-06-23 12:59:41.270591,0 days 00:00:00.256844,0.7399677958277459,0.8460949396176609,1.2237182584986743e-05,1.62555911245314e-05,0.0497598982744983,4,35,205,COMPLETE
22,14.955968143621888,2026-06-23 12:59:41.270716,2026-06-23 12:59:41.502058,0 days 00:00:00.231342,0.7363410802972249,0.8477426523568908,0.0004276143117161017,4.133208895906253e-05,0.08240181728235586,4,42,185,COMPLETE
23,15.003675783267383,2026-06-23 12:59:41.502169,2026-06-23 12:59:41.724930,0 days 00:00:00.222761,0.732490080067355,0.7530026687358669,0.0002952190538301619,6.750182826102617e-05,0.08627742710821365,4,43,175,COMPLETE
24,14.909156971849608,2026-06-23 12:59:41.725227,2026-06-23 12:59:41.976282,0 days 00:00:00.251055,0.6706575854527984,0.8425764522396452,1.5268506924044466e-05,1.555206340282448e-07,0.0634510495495103,4,55,149,COMPLETE
25,15.756088156333613,2026-06-23 12:59:41.976402,2026-06-23 12:59:42.530628,0 days 00:00:00.554226,0.6741018695838575,0.8425682638960501,1.939291275469957e-05,1.1758807176826418e-07,0.020508798608889912,6,54,146,COMPLETE
26,14.956481876084181,2026-06-23 12:59:42.530793,2026-06-23 12:59:42.814095,0 days 00:00:00.283302,0.6613724402533605,0.7459981962226602,9.381690299579746e-06,1.1269334636414055e-08,0.055560612669232616,4,72,226,COMPLETE
27,15.242183697660725,2026-06-23 12:59:42.814244,2026-06-23 12:59:43.135178,0 days 00:00:00.320934,0.7050579563657179,0.9138379344514205,5.084062399013685e-07,3.3402758828628704e-07,0.1173268762151846,5,63,153,COMPLETE
28,20.2037650222491,2026-06-23 12:59:43.135292,2026-06-23 12:59:43.318713,0 days 00:00:00.183421,0.8147675641226142,0.6769166374294487,8.397700646362387e-08,6.804802210811709e-06,0.011966478818087555,3,54,193,COMPLETE
29,15.337059443301133,2026-06-23 12:59:43.318865,2026-06-23 12:59:43.834694,0 days 00:00:00.515829,0.748916666309903,0.759448485331818,5.383690215303678e-05,3.710674684320536e-08,0.024432261388091788,6,81,233,COMPLETE
